2025-12-15_02-47-10,100,draft.py:2025-12-15_02-47-10
2025-12-15_02-47-11,100,draft.py:2025-12-15_02-47-10
2025-12-19_04-54-27,100,draft.py:2025-12-19_04-54-27
2025-12-19_04-56-26,100,draft.py:2025-12-19_04-56-26
2025-12-19_04-56-28,100,draft.py:2025-12-19_04-56-26
2025-12-19_04-56-59,0,draft.py:2025-12-19_04-56-59
2025-12-19_05-07-47,0,draft.py:2025-12-19_05-07-47
2025-12-19_05-09-32,0,draft.py:2025-12-19_05-09-32
2025-12-19_05-10-04,0,draft.py:2025-12-19_05-10-04
2025-12-19_05-14-07,0,draft.py:2025-12-19_05-14-07
