2025-12-10_14-10-36,0,draft.py:2025-12-10_14-10-36
2025-12-10_14-10-39,0,draft.py:2025-12-10_14-10-36
2025-12-11_04-35-28,0,draft.py:2025-12-11_04-35-28
2025-12-15_01-32-06,0,draft.py:2025-12-15_01-32-06
2025-12-15_01-33-42,0,draft.py:2025-12-15_01-33-42
2025-12-15_01-33-43,0,draft.py:2025-12-15_01-33-42
2025-12-15_01-33-44,0,draft.py:2025-12-15_01-33-42
2025-12-15_01-33-44,0,draft.py:2025-12-15_01-33-42
2025-12-15_01-36-28,0,draft.py:2025-12-15_01-36-28
2025-12-15_01-36-45,0,draft.py:2025-12-15_01-36-28
2025-12-15_01-53-29,0,draft.py:2025-12-15_01-53-29
2025-12-15_01-55-53,0,draft.py:2025-12-15_01-55-53
2025-12-15_01-55-54,0,draft.py:2025-12-15_01-55-53
2025-12-15_01-55-55,0,draft.py:2025-12-15_01-55-53
2025-12-15_01-55-55,0,draft.py:2025-12-15_01-55-53
2025-12-15_01-55-55,0,draft.py:2025-12-15_01-55-53
2025-12-15_01-55-55,0,draft.py:2025-12-15_01-55-53
2025-12-15_01-55-55,0,draft.py:2025-12-15_01-55-53
2025-12-15_01-55-56,0,draft.py:2025-12-15_01-55-53
2025-12-15_01-55-56,0,draft.py:2025-12-15_01-55-53
2025-12-15_02-00-36,0,draft.py:2025-12-15_02-00-36
